<?xml version="1.0" encoding="UTF-8"?>

<!DOCTYPE mapper
  PUBLIC "-//mybatis.org//DTD Mapper 3.0//EN"
  "http://mybatis.org/dtd/mybatis-3-mapper.dtd">
  
<mapper namespace="com.mapper.CommonMapper">

	<select id="getCustListCnt" parameterType="CommonVO" resultType="java.lang.Integer">
	<![CDATA[
		SELECT COUNT(*)
		FROM TB_USER
		WHERE MEM_ID IS NOT NULL
	]]>
	<include refid="userSearchBox"></include>
	</select>
	
	<select id="getCustList" parameterType="CommonVO" resultType="CommonVO">
	<![CDATA[
		SELECT MEM_ID, MEM_PWD, MEM_EMAIL, MEM_NAME, MEM_NICK  
				, DATE_FORMAT(REG_DATE, '%Y-%m-%d %h:%i:%s') AS REG_DATE
				, MEM_TEL1, MEM_TEL2, MEM_TEL3
		FROM TB_USER
		WHERE MEM_ID IS NOT NULL
	]]>
	<include refid="userSearchBox"></include>
	ORDER BY REG_DATE DESC
	LIMIT ${ pageStartRow }, ${ pageEndRow }
	</select>
	
	<sql id="userSearchBox">
		<if test='searchType != null and searchType != ""'>
			<if test='searchType == "id"'>
			<![CDATA[
				AND MEM_ID LIKE '%${ searchTxt }%'
			]]>
			</if>
			<if test='searchType == "nm"'>
			<![CDATA[
				AND MEM_NAME LIKE '%${ searchTxt }%'
			]]>
			</if>
			<if test='searchType == "tel"'>
			<![CDATA[
				AND MEM_TEL3 LIKE '%${ searchTxt }%'
			]]>
			</if>
		</if>
	</sql>
	
	<update id="saveUser" parameterType="CommonVO">
		INSERT INTO TB_USER (MEM_ID, MEM_PWD, MEM_EMAIL, MEM_NAME, MEM_NICK 
				, REG_DATE, MEM_TEL1, MEM_TEL2, MEM_TEL3)
		VALUES (#{mem_id}, #{mem_pwd}, #{mem_email}, #{mem_name}, #{mem_nick}  
				, NOW(), #{mem_tel1}, #{mem_tel2}, #{mem_tel3})
	</update>
	
	<update id="updateUser" parameterType="CommonVO">
		UPDATE TB_USER
			SET
				MEM_PWD = #{mem_pwd},
				MEM_EMAIL = #{mem_email},
				MEM_NAME = #{mem_name},
				MEM_NICK = #{mem_nick},
				MEM_TEL1 = #{mem_tel1},
				MEM_TEL2 = #{mem_tel2},
				MEM_TEL3 = #{mem_tel3}
			WHERE MEM_ID = #{mem_id}
	</update>
	
	
	<update id="updateMyCoffeeConfig" parameterType="CommonVO">
		UPDATE TB_USER
			SET
				CONFIG1 = #{config1},
				CONFIG2 = #{config2},
				CONFIG3 = #{config3},
				NEXT_COFFEE_TP = #{next_coffee_tp}
			WHERE MEM_ID = #{mem_id}
	</update>
	<update id="updateMyPriceConfig" parameterType="CommonVO">
		UPDATE TB_USER
			SET
				CONFIG4 = #{config4},
				NEXT_PRICE_TP = #{next_price_tp}
			WHERE MEM_ID = #{mem_id}
	</update>
	
	
	<update id="delUserInfo" parameterType="CommonVO">
		DELETE FROM TB_USER 
		WHERE MEM_ID = #{mem_id}
	</update>
	
	<update id="chargeCong" parameterType="CommonVO">
		<![CDATA[
		UPDATE TB_USER SET CONG = CONG + #{cong}
		WHERE MEM_ID = #{mem_id}
		]]>
	</update>
	<update id="modifyMyInfo" parameterType="CommonVO">
		<![CDATA[
		UPDATE TB_USER SET 
			MEM_TEL1 = #{mem_tel1}
			, MEM_TEL2 = #{mem_tel2}
			, MEM_TEL3 = #{mem_tel3}
			, MEM_EMAIL = #{mem_email}
			, MEM_NICK = #{mem_nick}
		]]>
		<if test='mem_pwd != null and mem_pwd != ""'>
			<![CDATA[
				, MEM_PWD = #{mem_pwd}
			]]>
		</if>
		WHERE MEM_ID = #{mem_id}
		
	</update>
	
	<select id="getFindPwdInfoUser" parameterType="CommonVO" resultType="CommonVO">
	<![CDATA[
		SELECT MEM_PWD
		FROM TB_USER
		WHERE MEM_ID = #{mem_id}
		AND MEM_EMAIL = #{mem_email}
	]]>
	</select>
	<select id="getFindIdInfoUser" parameterType="CommonVO" resultType="CommonVO">
	<![CDATA[
		SELECT MEM_ID
		FROM TB_USER
		WHERE MEM_NAME = #{mem_name}
		AND MEM_EMAIL = #{mem_email}
	]]>
	</select>
	<select id="getUserLoginInfo" parameterType="CommonVO" resultType="CommonVO">
	<![CDATA[
		SELECT MEM_ID, MEM_EMAIL, MEM_NAME , MEM_NICK
				, MEM_TEL1, MEM_TEL2, MEM_TEL3
		FROM TB_USER
		WHERE MEM_ID = #{mem_id}
		AND MEM_PWD = #{mem_pwd}
	]]>
	</select>
	<select id="getUserMyInfo" parameterType="CommonVO" resultType="CommonVO">
	<![CDATA[
		SELECT MEM_ID, MEM_PWD, MEM_EMAIL, MEM_NAME, MEM_NICK  
				, MEM_TEL1, MEM_TEL2, MEM_TEL3
				, DATE_FORMAT(REG_DATE, '%Y-%m-%d %h:%i:%s') AS REG_DATE, CONG
				, IFNULL((SELECT SUM(DONATE_PRICE) FROM TB_DONATE BB WHERE AA.MEM_ID = BB.MEM_ID AND (DATE_FORMAT(REG_DATE, '%Y-%m-%d') = DATE_FORMAT(CURRENT_DATE(), '%Y-%m-%d'))) , 0) AS DONATE_PRICE
				, NEXT_COFFEE_TP 
				, NEXT_PRICE_TP
				, CONFIG1
				, CONFIG2
				, CONFIG3
				, CONFIG4
				
		FROM TB_USER AA
		WHERE MEM_ID = #{mem_id}
		AND MEM_NAME = #{mem_name}
	]]>
	</select>
	<update id="donateCong" parameterType="CommonVO">
	<![CDATA[
		INSERT INTO TB_DONATE (MEM_ID, DONATE_PRICE, ORDER_COFFEE, ORDER_TEMP, ORDER_WATER, MS_NM, JIJUM_SEQ)
		VALUES (#{mem_id}, #{don_price}, #{order_coffee}, #{order_temp}, #{order_water}, #{ms_nm}, #{jijum_seq})
	]]>
	</update>
	<update id="monusCong" parameterType="CommonVO">
	<![CDATA[
		UPDATE TB_USER SET CONG = CONG - ${don_price}
		WHERE MEM_ID = #{mem_id}
	]]>
	</update>
	
	<select id="getAllDonate" parameterType="CommonVO" resultType="CommonVO">
	<![CDATA[
		SELECT (COUNT(*)*500)+500 as donate_price FROM TB_DONATE WHERE MS_NM = #{ms_nm};
	]]>
	</select>
	
	<select id="intakeCoffeeDay" parameterType="CommonVO" resultType="CommonVO">
	<![CDATA[
		SELECT DATE_FORMAT(REG_DATE, '%d') AS INTAKE_DAY_DATE,
		       COUNT(ORDER_COFFEE) AS INTAKE_CNT
		 FROM TB_DONATE
		 WHERE MEM_ID = #{mem_id}
	]]>
		<if test='shCoffeeDayYear != null and shCoffeeDayYear != ""'>
			<![CDATA[
				AND DATE_FORMAT(REG_DATE, '%Y') = #{shCoffeeDayYear}
			]]>
		</if>
		<if test='shCoffeeDayMonth != null and shCoffeeDayMonth != ""'>
			<![CDATA[
				AND DATE_FORMAT(REG_DATE, '%m') = #{shCoffeeDayMonth}
			]]>
		</if>
		 GROUP BY INTAKE_DAY_DATE
	</select>
	
	<select id="intakeCoffeeMonth" parameterType="CommonVO" resultType="CommonVO">
	<![CDATA[
		SELECT DATE_FORMAT(REG_DATE, '%m') AS INTAKE_MONTH_DATE,
		       COUNT(ORDER_COFFEE) AS INTAKE_CNT
		 FROM TB_DONATE
		 WHERE MEM_ID = #{mem_id}
	]]>
		<if test='shCoffeeMonthYear != null and shCoffeeMonthYear != ""'>
			<![CDATA[
				AND DATE_FORMAT(REG_DATE, '%Y') = #{shCoffeeMonthYear}
			]]>
		</if>
		 GROUP BY INTAKE_MONTH_DATE
	</select>
	
	
	
	
	
	<select id="intakeCongDay" parameterType="CommonVO" resultType="CommonVO">
	<![CDATA[
		SELECT DATE_FORMAT(REG_DATE, '%d') AS INTAKE_DAY_DATE,
		       SUM(DONATE_PRICE) AS INTAKE_CNT
		 FROM TB_DONATE
		 WHERE MEM_ID = #{mem_id}
	]]>
		<if test='shCongDayYear != null and shCongDayYear != ""'>
			<![CDATA[
				AND DATE_FORMAT(REG_DATE, '%Y') = #{shCongDayYear}
			]]>
		</if>
		<if test='shCongDayMonth != null and shCongDayMonth != ""'>
			<![CDATA[
				AND DATE_FORMAT(REG_DATE, '%m') = #{shCongDayMonth}
			]]>
		</if>
		 GROUP BY INTAKE_DAY_DATE
	</select>
	
	<select id="intakeCongMonth" parameterType="CommonVO" resultType="CommonVO">
	<![CDATA[
		SELECT DATE_FORMAT(REG_DATE, '%m') AS INTAKE_MONTH_DATE,
		       SUM(DONATE_PRICE) AS INTAKE_CNT
		 FROM TB_DONATE
		 WHERE MEM_ID = #{mem_id}
	]]>
		<if test='shCongMonthYear != null and shCongMonthYear != ""'>
			<![CDATA[
				AND DATE_FORMAT(REG_DATE, '%Y') = #{shCongMonthYear}
			]]>
		</if>
		 GROUP BY INTAKE_MONTH_DATE
	</select>
	
	
	
	<select id="adminIntakeCoffeeMonth" parameterType="CommonVO" resultType="CommonVO">
	<![CDATA[
		SELECT DATE_FORMAT(REG_DATE, '%m') AS INTAKE_MONTH_DATE,
		       COUNT(ORDER_COFFEE) AS INTAKE_CNT
		 FROM TB_DONATE
		 WHERE JIJUM_SEQ = #{jijum_seq}
	]]>
		<if test='shCoffeeMonthYear != null and shCoffeeMonthYear != ""'>
			<![CDATA[
				AND DATE_FORMAT(REG_DATE, '%Y') = #{shCoffeeMonthYear}
			]]>
		</if>
		 GROUP BY INTAKE_MONTH_DATE
	</select>
	<select id="adminIntakeCongMonth" parameterType="CommonVO" resultType="CommonVO">
	<![CDATA[
		SELECT DATE_FORMAT(REG_DATE, '%m') AS INTAKE_MONTH_DATE,
		       SUM(DONATE_PRICE) AS INTAKE_CNT
		 FROM TB_DONATE
		 WHERE JIJUM_SEQ = #{jijum_seq}
	]]>
		<if test='shCongMonthYear != null and shCongMonthYear != ""'>
			<![CDATA[
				AND DATE_FORMAT(REG_DATE, '%Y') = #{shCongMonthYear}
			]]>
		</if>
		 GROUP BY INTAKE_MONTH_DATE
	</select>
</mapper>
