<?xml version="1.0" encoding="UTF-8"?>

<!DOCTYPE mapper
  PUBLIC "-//mybatis.org//DTD Mapper 3.0//EN"
  "http://mybatis.org/dtd/mybatis-3-mapper.dtd">
  
<mapper namespace="com.mapper.CommonMapper">
	<sql id="searchBox">
		<if test='startLat != null and startLat != "" and startLat !="NaN"'>
		<![CDATA[
			AND (ROOM_LAT BETWEEN #{startLat} AND #{endLat} ) AND (ROOM_LNG BETWEEN #{startLng} AND #{endLng})
		]]>
		</if>
		<if test='room_num != null and room_num !=""'>
			AND A.ROOM_NUM = #{ room_num } 
		</if>
		<if test='schAddr != null and schAddr !=""'>
			<if test='subwayLat == null or subwayLat == "" or subwayLng == null or subwayLng == ""'>
			AND ROOM_ADDR_NEW LIKE '%${ schAddr }%'
			</if>
		</if>
		<if test='shcRoomType != null and shcRoomType == "1"'>
			AND (MON_PRICE != '' AND MON_PRICE != '0') AND (JEON_PRICE = '' OR JEON_PRICE = '0')
		</if>
		<if test='shcRoomType != null and shcRoomType == "2"'>
			AND (JEON_PRICE != '' AND JEON_PRICE != '0')
		</if>
		<if test='shcRoomType != null and shcRoomType == "3"'>
			AND ((DEP_PRICE = '0' OR DEP_PRICE = '') AND MON_PRICE != '')
		</if>
		<if test='schRoomKind != null and schRoomKind !=""'>
			AND ROOM_CONT_TYPE = #{ schRoomKind }
		</if>
		<if test='schPrice != null and schPrice !=""'>
			<![CDATA[
			AND (DEP_PRICE < ${ schPrice } OR JEON_PRICE ${ schPrice })
			]]>
		</if>
		
		<if test='schOptions != null and schOptions == "1"'>
			AND PARKING_FLAG = 'Y'
		</if>
		<if test='schOptions != null and schOptions == "2"'>
			AND ANI_YN = 'Y'
		</if>
		<if test='schOptions != null and schOptions == "3"'>
			AND SHORT_FLAG = 'Y'
		</if>
		<if test='schOptions != null and schOptions == "4"'>
		<![CDATA[
			AND ROOM_CONT_AREA_P <= 5
		]]>
		</if>
		<if test='schOptions != null and schOptions == "5"'>
		<![CDATA[
			AND ROOM_CONT_AREA_P > 5 AND ROOM_CONT_AREA_P <= 10
		]]>
		</if>
		<if test='schOptions != null and schOptions == "6"'>
		<![CDATA[
			AND ROOM_CONT_AREA_P > 10
		]]>
		</if>
		<if test='schOptions != null and schOptions == "7"'>
		<![CDATA[
			AND ROOM_FLOOR = '반지하'
		]]>
		</if>
		<if test='schOptions != null and schOptions == "8"'>
		<![CDATA[
			AND ROOM_FLOOR >= 1 AND ROOM_FLOOR <= 3
		]]>
		</if>
		<if test='schOptions != null and schOptions == "9"'>
		<![CDATA[
			AND ROOM_FLOOR >= 4 AND ROOM_FLOOR <= 6
		]]>
		</if>
		<if test='schOptions != null and schOptions == "10"'>
		<![CDATA[
			AND ROOM_FLOOR >= 7
		]]>
		</if>
		<if test='schOptions != null and schOptions == "11"'>
		<![CDATA[
			AND ROOM_FLOOR = '옥탑'
		]]>
		</if>
		
		<choose>
	    <when test="schOrderby == '' or schOrderby == null">
	        ORDER BY A.ROOM_NUM DESC
	    </when>
	    <otherwise>
	        <if test='schOrderby == "1"'>
			<![CDATA[ ORDER BY A.ROOM_NUM DESC ]]>
			</if>
			<if test='schOrderby == "2"'>
			<![CDATA[ ORDER BY A.DEP_PRICE * 1 DESC ]]>
			</if>
			<if test='schOrderby == "3"'>
			<![CDATA[ ORDER BY A.DEP_PRICE * 1 ASC ]]>
			</if>
			<if test='schOrderby == "4"'>
			<![CDATA[ ORDER BY A.MON_PRICE * 1 DESC ]]>
			</if>
			<if test='schOrderby == "5"'>
			<![CDATA[ ORDER BY A.MON_PRICE * 1 ASC ]]>
			</if>
	    </otherwise>
		</choose>
	</sql>
	<select id="confirmMyPwd" parameterType="CommonVO" resultType="java.lang.Integer">
	<![CDATA[
		select count(*) FROM RB_MEMBER
		WHERE MEM_NUM = #{ mem_num }
		AND MEM_PWD = #{ memPwd }
	]]>
	</select>
	<select id="getMyPhone" parameterType="CommonVO" resultType="CommonVO">
	<![CDATA[
		select MEM_TEL memTel FROM RB_MEMBER
		WHERE MEM_NUM = #{ mem_num }
	]]>
	</select>
	
	
	<select id="getFindPwdInfoMember" parameterType="CommonVO" resultType="CommonVO">
	<![CDATA[
		SELECT MEM_PWD 
		FROM TB_MEMBER
		WHERE MEM_ID = #{ mem_id }
		AND MEM_EMAIL = #{ mem_email }
		LIMIT 0,1
	]]>
	</select>
	<select id="getFindPwdInfo" parameterType="CommonVO" resultType="CommonVO">
	<![CDATA[
		SELECT MEM_ID 
		FROM TB_MEMBER
		WHERE MEM_ID = #{ mem_id }
		AND MEM_EMAIL = #{ mem_email }
		LIMIT 0,1
	]]>
	</select>
	<select id="getFindIdInfo" parameterType="CommonVO" resultType="CommonVO">
	<![CDATA[
		SELECT MEM_ID 
		FROM TB_MEMBER
		WHERE MEM_NAME = #{ mem_name }
		AND MEM_EMAIL = #{ mem_email }
		LIMIT 0,1
	]]>
	</select>
	<select id="getLoginInfo" parameterType="CommonVO" resultType="CommonVO">
	<![CDATA[
		SELECT MEM_SEQ, MEM_ID, MEM_EMAIL, MEM_NAME, MEM_LEV 
		FROM TB_MEMBER
		WHERE MEM_ID = #{ mem_id }
		AND MEM_PWD = #{ mem_pwd }
		LIMIT 0,1
	]]>
	</select>
	
	<select id="getMemberInfo" parameterType="CommonVO" resultType="CommonVO">
	<![CDATA[
		SELECT MEM_SEQ, UP_MEM_SEQ, MEM_ID, MEM_PWD, MEM_EMAIL, MEM_NAME, MEM_LEV, 
				MEM_ADDR1, MEM_ADDR2, COMPANY_NM, ETC_DESC, DATE_FORMAT(REG_DATE, '%Y-%m-%d %h:%i:%s') AS REG_DATE
				, MEM_TEL1, MEM_TEL2, MEM_TEL3, ZIPCODE
		FROM TB_MEMBER
		WHERE MEM_SEQ = #{ mem_seq }
		LIMIT 0,1
	]]>
	</select>
	
	<insert id="saveMachine" parameterType="CommonVO">
		INSERT INTO TB_COFFEE (MS_NM, JIJUM_SEQ, INS_ADDR1, INS_ADDR2, WIFI_PWD, WIFI_SID, INS_NAME, MS_IP, MS_PORT)
		VALUES (#{ms_nm}, #{jijum_seq}, #{ins_addr1}, #{ins_addr2}, #{wifi_pwd}, #{wifi_sid}, #{ins_name}, #{ms_ip}, #{ms_port})
	</insert>
	
	<insert id="saveMember" parameterType="CommonVO">
		INSERT INTO TB_MEMBER (UP_MEM_SEQ, MEM_ID, MEM_PWD, MEM_EMAIL, MEM_NAME, MEM_LEV, 
				MEM_ADDR1, MEM_ADDR2, COMPANY_NM, ETC_DESC, REG_DATE
				, MEM_TEL1, MEM_TEL2, MEM_TEL3, ZIPCODE, JIJUM_TP)
		VALUES (#{up_mem_seq}, #{mem_id}, #{mem_pwd}, #{mem_email}, #{mem_name}, #{mem_lev}, 
				#{mem_addr1}, #{mem_addr2}, #{company_nm}, #{etc_desc}, NOW()
				, #{mem_tel1}, #{mem_tel2}, #{mem_tel3}, #{zipcode}, #{jijum_tp})
	</insert>
	
	<insert id="saveJijumDonate" parameterType="CommonVO">
		INSERT INTO TB_DONATE_TRAN (DONATE_DATE, DONATE_PRICE, JIJUM_SEQ, REG_DATE)
		VALUES (#{donate_date}, #{donate_price}, #{jijum_seq}, NOW())
	</insert>
	
	<update id="updateMember" parameterType="CommonVO">
		UPDATE TB_MEMBER
			SET
				MEM_PWD = #{mem_pwd},
				MEM_EMAIL = #{mem_email},
				MEM_NAME = #{mem_name},
				MEM_ADDR1 = #{mem_addr1},
				MEM_ADDR2 = #{mem_addr2},
				ZIPCODE = #{zipcode},
				COMPANY_NM = #{company_nm},
				MEM_TEL1 = #{mem_tel1},
				MEM_TEL2 = #{mem_tel2},
				MEM_TEL3 = #{mem_tel3},
				JIJUM_TP = #{jijum_tp}
			WHERE MEM_SEQ = #{mem_seq}
	</update>
	
	<update id="delMemberInfo" parameterType="CommonVO">
		DELETE FROM TB_MEMBER 
		WHERE MEM_SEQ = #{mem_seq}
	</update>
	
	<update id="delMachineInfo" parameterType="CommonVO">
		DELETE FROM TB_COFFEE
		WHERE MS_SEQ = #{ms_seq}
	</update>
	
	
	<select id="getMemberListCnt" parameterType="CommonVO" resultType="java.lang.Integer">
	<![CDATA[
		SELECT COUNT(*)
		FROM TB_MEMBER
		WHERE MEM_SEQ IS NOT NULL
	]]>
	<include refid="memSearchBox"></include>
	</select>
	
	<select id="getJijumMonthDonateList" parameterType="CommonVO" resultType="CommonVO">
	<![CDATA[
		SELECT DOA.AAA AS INTAKE_MONTH_DATE
			, DOA.BBB AS INTAKE_PRICE
			, (SELECT COUNT(*) FROM TB_DONATE_TRAN WHERE DONATE_DATE = DOA.AAA) AS DONATE_YN
		FROM (
			SELECT DATE_FORMAT(REG_DATE, '%Y.%m') AS AAA,
			       SUM(500-DONATE_PRICE) AS BBB
			 FROM TB_DONATE
			 WHERE JIJUM_SEQ = #{mem_seq}
			 GROUP BY AAA
		 ) DOA
	]]>
	</select>
	
	<select id="getMemberList" parameterType="CommonVO" resultType="CommonVO">
	<![CDATA[
		SELECT MEM_SEQ, UP_MEM_SEQ, MEM_ID, MEM_PWD, MEM_EMAIL, MEM_NAME, MEM_LEV, 
				MEM_ADDR1, MEM_ADDR2, COMPANY_NM, ETC_DESC, DATE_FORMAT(REG_DATE, '%Y-%m-%d %h:%i:%s') AS REG_DATE
				, MEM_TEL1, MEM_TEL2, MEM_TEL3, ZIPCODE
				, (SELECT MEM_NAME FROM TB_MEMBER WHERE MEM_SEQ = A.UP_MEM_SEQ) DAERI_NAME
				, (SELECT COUNT(*) FROM TB_COFFEE WHERE JIJUM_SEQ = A.MEM_SEQ) MACHINE_CNT
				, (SELECT COUNT(*) FROM TB_MEMBER WHERE UP_MEM_SEQ = A.MEM_SEQ) JIJUM_CNT
				,  IFNULL((SELECT SUM(500-DONATE_PRICE) FROM TB_DONATE WHERE JIJUM_SEQ = A.MEM_SEQ),"0") DONATE_PRICE
				, JIJUM_TP
		FROM TB_MEMBER A
		WHERE MEM_SEQ IS NOT NULL
	]]>
	<include refid="memSearchBox"></include>
	ORDER BY REG_DATE DESC
	LIMIT ${ pageStartRow }, ${ pageEndRow }
	</select>
	
	<sql id="memSearchBox">
		<if test='mem_lev != null and mem_lev != ""'>
		<![CDATA[
			AND MEM_LEV = #{mem_lev}
		]]>
		</if>
		<if test='sido != null and sido != ""'>
		<![CDATA[
			AND MEM_ADDR1 LIKE '%${ sido }%'
		]]>
		</if>
		<if test='gugun != null and gugun != ""'>
		<![CDATA[
			AND MEM_ADDR1 LIKE '%${ gugun }%'
		]]>
		</if>
		<if test='searchTxt != null and searchTxt != ""'>
		<![CDATA[
			AND COMPANY_NM LIKE '%${ searchTxt }%'
		]]>
		</if>
		<if test='searchDeri != null and searchDeri != ""'>
		<![CDATA[
			AND UP_MEM_SEQ = #{searchDeri} AND MEM_LEV = '03'
		]]>
		</if>
		<if test='up_mem_seq != null and up_mem_seq != ""'>
		<![CDATA[
			AND UP_MEM_SEQ = #{up_mem_seq}
		]]>
		</if>
		
		
	</sql>
	
	<!-- 대리점 목록 조회 -->
	<select id="getCompanyAllList" parameterType="CommonVO" resultType="CommonVO">
	<![CDATA[
		SELECT MEM_SEQ, UP_MEM_SEQ, MEM_ID, MEM_PWD, MEM_EMAIL, MEM_NAME, MEM_LEV, 
				MEM_ADDR1, MEM_ADDR2, COMPANY_NM, ETC_DESC, DATE_FORMAT(REG_DATE, '%Y-%m-%d %h:%i:%s') AS REG_DATE
				, MEM_TEL1, MEM_TEL2, MEM_TEL3, ZIPCODE
		FROM TB_MEMBER
		WHERE UP_MEM_SEQ = '01'
		AND MEM_LEV = '02'
		ORDER BY COMPANY_NM ASC
	]]>
	</select>
	<!-- 지점 목록 조회 -->
	<select id="getJijumAllList" parameterType="CommonVO" resultType="CommonVO">
	<![CDATA[
		SELECT MEM_SEQ, UP_MEM_SEQ, MEM_ID, MEM_PWD, MEM_EMAIL, MEM_NAME, MEM_LEV, 
				MEM_ADDR1, MEM_ADDR2, COMPANY_NM, ETC_DESC, DATE_FORMAT(REG_DATE, '%Y-%m-%d %h:%i:%s') AS REG_DATE
				, MEM_TEL1, MEM_TEL2, MEM_TEL3, ZIPCODE
				, (SELECT COUNT(*) FROM TB_COFFEE WHERE JIJUM_SEQ = A.MEM_SEQ) MACHINE_CNT
		FROM TB_MEMBER A
		WHERE UP_MEM_SEQ IS NOT NULL
		AND MEM_LEV = '03'
		ORDER BY COMPANY_NM ASC
	]]>
	</select>
	
	<!-- 머신 목록 조회 -->
	<select id="getMachineListCnt" parameterType="CommonVO" resultType="java.lang.Integer">
	<![CDATA[
		SELECT COUNT(*)
			FROM TB_COFFEE A, TB_MEMBER B
			WHERE A.JIJUM_SEQ = B.MEM_SEQ
	]]>
	<include refid="memSearchBox"></include>
	</select>
	
	
	<select id="getMsInfo" parameterType="CommonVO" resultType="CommonVO">
	<![CDATA[
			SELECT MS_SEQ, MS_NM, JIJUM_SEQ, LACK_COFFEE, LACK_WATER, LACK_TEMP, LACK_CLEAN, LACK_CUP, NET_STATUS
			, DATE_FORMAT(INS_DATE, '%Y-%m-%d %h:%i:%s') AS INS_DATE
			, (SELECT MEM_NAME FROM TB_MEMBER WHERE MEM_SEQ = A.JIJUM_SEQ) JIJUM_NAME
			, (SELECT MEM_NAME FROM TB_MEMBER WHERE MEM_SEQ = (SELECT UP_MEM_SEQ FROM TB_MEMBER WHERE MEM_SEQ = A.JIJUM_SEQ)) DAERI_NAME
			, INS_ADDR1, INS_ADDR2, INS_NAME, A.ETC_DESC, WIFI_PWD, WIFI_SID, JIJUM_TP, MS_IP, MS_PORT
			, B.COMPANY_NM, B.JIJUM_TP
			FROM TB_COFFEE A, TB_MEMBER B
			WHERE A.JIJUM_SEQ = B.MEM_SEQ
			AND A.MS_NM = #{ms_nm}
	]]>
	</select>
	<select id="getMyMachineList" parameterType="CommonVO" resultType="CommonVO">
	<![CDATA[
			SELECT MS_SEQ, MS_NM, JIJUM_SEQ, LACK_COFFEE, LACK_WATER, LACK_TEMP, LACK_CLEAN, LACK_CUP, NET_STATUS
			, DATE_FORMAT(INS_DATE, '%Y-%m-%d %h:%i:%s') AS INS_DATE
			, (SELECT MEM_NAME FROM TB_MEMBER WHERE MEM_SEQ = A.JIJUM_SEQ) JIJUM_NAME
			, (SELECT MEM_NAME FROM TB_MEMBER WHERE MEM_SEQ = (SELECT UP_MEM_SEQ FROM TB_MEMBER WHERE MEM_SEQ = A.JIJUM_SEQ)) DAERI_NAME
			, INS_ADDR1, INS_ADDR2, INS_NAME, A.ETC_DESC, WIFI_PWD, WIFI_SID, JIJUM_TP, MS_IP, MS_PORT
			FROM TB_COFFEE A, TB_MEMBER B
			WHERE A.JIJUM_SEQ = B.MEM_SEQ
	]]>
	<include refid="coffeeSearchBox"></include>
	</select>
	
	<select id="getMachineList" parameterType="CommonVO" resultType="CommonVO">
	<![CDATA[
			SELECT MS_SEQ, MS_NM, JIJUM_SEQ, LACK_COFFEE, LACK_WATER, LACK_TEMP, LACK_CLEAN, LACK_CUP, NET_STATUS
			, DATE_FORMAT(INS_DATE, '%Y-%m-%d %h:%i:%s') AS INS_DATE
			, (SELECT MEM_NAME FROM TB_MEMBER WHERE MEM_SEQ = A.JIJUM_SEQ) JIJUM_NAME
			, (SELECT MEM_NAME FROM TB_MEMBER WHERE MEM_SEQ = (SELECT UP_MEM_SEQ FROM TB_MEMBER WHERE MEM_SEQ = A.JIJUM_SEQ)) DAERI_NAME
			, INS_ADDR1, INS_ADDR2, INS_NAME, A.ETC_DESC, WIFI_PWD, WIFI_SID, JIJUM_TP, MS_IP, MS_PORT
			FROM TB_COFFEE A, TB_MEMBER B
			WHERE A.JIJUM_SEQ = B.MEM_SEQ
	]]>
	<include refid="coffeeSearchBox"></include>
	ORDER BY INS_DATE DESC
	LIMIT ${ pageStartRow }, ${ pageEndRow }
	</select>
	
	<sql id="coffeeSearchBox">
		<if test='sido != null and sido != ""'>
		<![CDATA[
			AND INS_ADDR1 LIKE '%${ sido }%'
		]]>
		</if>
		<if test='gugun != null and gugun != ""'>
		<![CDATA[
			AND INS_ADDR1 LIKE '%${ gugun }%'
		]]>
		</if>
		<if test='searchTxt != null and searchTxt != ""'>
		<![CDATA[
			AND MS_NM LIKE '%${ searchTxt }%'
		]]>
		</if>
		<if test='searchDeri != null and searchDeri != ""'>
		<![CDATA[
			AND B.UP_MEM_SEQ = #{searchDeri}
		]]>
		</if>
		<if test='searchJijum != null and searchJijum != ""'>
		<![CDATA[
			AND JIJUM_SEQ = #{searchJijum}
		]]>
		</if>
		
	</sql>
	
	<!-- 커피머신 상세조회 -->
	<select id="getCoffeeMachine" parameterType="CommonVO" resultType="CommonVO">
	<![CDATA[
			SELECT MS_SEQ, MS_NM, JIJUM_SEQ, LACK_COFFEE, LACK_WATER, LACK_TEMP, LACK_CLEAN, LACK_CUP, NET_STATUS
			, DATE_FORMAT(INS_DATE, '%Y-%m-%d %h:%i:%s') AS INS_DATE
			, INS_ADDR1, INS_ADDR2
			FROM TB_COFFEE
			WHERE MS_SEQ = #{ms_seq}
	]]>
	</select>
	
	
</mapper>
