<?xml version="1.0" encoding="UTF-8"?>

<!DOCTYPE mapper
  PUBLIC "-//mybatis.org//DTD Mapper 3.0//EN"
  "http://mybatis.org/dtd/mybatis-3-mapper.dtd">
  
<mapper namespace="com.mapper.CommonMapper">

	<!-- 공지사항 총 카운트 -->
	<select id="getNoticeListCnt" parameterType="CommonVO" resultType="java.lang.Integer">
	<![CDATA[
		SELECT 
			COUNT(*)
		FROM TB_NOTICE A, TB_MEMBER B
		WHERE A.MEM_SEQ = B.MEM_SEQ 
	]]>						
	<include refid="boardBox"></include>
	</select>
	
	<!-- 공지사항 목록 조회 -->
	<select id="getNoticeList" parameterType="CommonVO" resultType="CommonVO">
	<![CDATA[
		SELECT 
			TB_SEQ, TB_TITLE, TB_CONTENT, A.MEM_SEQ, TB_TYPE, READ_CNT
			, DATE_FORMAT(A.REG_DATE, '%Y-%m-%d %h:%i:%s') AS REG_DATE
		FROM TB_NOTICE A, TB_MEMBER B
		WHERE A.MEM_SEQ = B.MEM_SEQ 
	]]>						
	<include refid="boardBox"></include>
	ORDER BY REG_DATE DESC
	LIMIT ${ pageStartRow }, ${ pageEndRow }
	</select>
	
	<sql id="boardBox">
		<if test='searchType != null and searchType != ""'>
			<if test='searchType = "tit"'>
			<![CDATA[
				AND TB_TITLE LIKE '%${ searchTxt }%'
			]]>
			</if>
			<if test='searchType = "con"'>
			<![CDATA[
				AND (TB_TITLE LIKE '%${ searchTxt }%' OR TB_CONTENT LIKE '%${ searchTxt }%')
			]]>
			</if>
		</if>
	</sql>
	
	
	<!-- 공지사항 상세 조회 -->
	<select id="noticeView" parameterType="CommonVO" resultType="CommonVO">
	<![CDATA[
		SELECT 
			TB_SEQ, TB_TITLE, TB_CONTENT, A.MEM_SEQ, TB_TYPE, READ_CNT
			, DATE_FORMAT(A.REG_DATE, '%Y-%m-%d %h:%i:%s') AS REG_DATE
		FROM TB_NOTICE A, TB_MEMBER B
		WHERE A.MEM_SEQ = B.MEM_SEQ
		AND TB_SEQ =  #{tb_seq}
		LIMIT 0,1
	]]>						
	</select>
	
	<insert id="saveNotice" parameterType="CommonVO">
		INSERT INTO TB_NOTICE (TB_TITLE, TB_CONTENT, MEM_SEQ, REG_DATE, TB_TYPE)
		VALUES (#{tb_title}, #{tb_content}, #{mem_seq}, now(), 'N')
	</insert>
	
	<update id="updateNotice" parameterType="CommonVO">
		UPDATE TB_NOTICE
			SET
				TB_TITLE = #{tb_title},
				TB_CONTENT = #{tb_content}
			WHERE TB_SEQ = #{tb_seq}
	</update>
	<update id="deleteNotice" parameterType="CommonVO">
		DELETE FROM TB_NOTICE WHERE TB_SEQ = #{tb_seq}
	</update>
</mapper>
