<?xml version="1.0" encoding="UTF-8"?>

<!DOCTYPE mapper
  PUBLIC "-//mybatis.org//DTD Mapper 3.0//EN"
  "http://mybatis.org/dtd/mybatis-3-mapper.dtd">
  
<mapper namespace="com.mapper.CommonMapper">

	<select id="checkEmailCnt" parameterType="CommonVO" resultType="java.lang.Integer">
		SELECT COUNT(SEQ) FROM SO_MEMBER WHERE MEM_ID = #{ emailStr }
	</select>
	
	<select id="checkValidEmail" parameterType="CommonVO" resultType="CommonVO">
	<![CDATA[
		SELECT COUNT(SEQ) CNT, EMAIL_DOMAIN AS emailDomain 
		FROM SO_CERTIFICATION 
		WHERE EMAIL_ID = #{ emailId }
		AND CTS_MSG = #{ certKey }
		AND SUCCESS_YN = 'N'
		AND START_DATE <= now() AND END_DATE >= now()
	]]>
	</select>
	
	<select id="checkMailConfirm" parameterType="CommonVO" resultType="CommonVO">
	<![CDATA[
		SELECT SUCCESS_YN AS successYn
		FROM SO_CERTIFICATION
		WHERE SUCCESS_YN = 'Y'
		AND EMAIL = #{ emailStr }
		AND CTS_MSG = #{ certKey }
		AND END_DATE >= now()
	]]>
	</select>
	
	<update id="insertMemJoin" parameterType="CommonVO">
	<![CDATA[
		INSERT INTO RB_MEMBER (
			MEM_NAME,
			MEM_TEL,
			MEM_PWD,
			MEM_EMAIL,
			JOIN_DATE,
			MEM_TYPE,
			TERMS_YN,
			USE_YN,
			DEL_YN,
			LAST_LOGIN_DATE,
			REG_DATE,
			REG_ID,
			MOD_DATE,
			MOD_ID
		) 
		values (
			#{ memName },
			#{ memTel },
			#{ memPwd },
			#{ memEmail },
			now(),
			'1',
			'Y',
			'Y',
			'N',
			now(),
			now(),
			'admin',now(),'admin'
		)
	]]>
	</update>
	
	<update id="validEmailSuccess" parameterType="CommonVO">
	<![CDATA[
		UPDATE SO_CERTIFICATION SET
			SUCCESS_YN = 'Y'
		WHERE EMAIL_ID = #{ emailId }
		AND CTS_MSG = #{ certKey }
	]]>
	</update>
	
	<update id="validMemberSuccess" parameterType="CommonVO">
	<![CDATA[
		UPDATE SO_MEMBER SET
			CERT_YN = 'Y'
		WHERE MEM_ID = #{ memId }
	]]>
	</update>
</mapper>
