<?xml version="1.0" encoding="UTF-8" ?>

<!DOCTYPE configuration
  PUBLIC "-//mybatis.org//DTD Config 3.0//EN"
  "http://mybatis.org/dtd/mybatis-3-config.dtd">

<configuration>	
	<typeAliases>		
		<typeAlias type="com.model.CommonVO" alias="CommonVO" />
	</typeAliases>
	 	
 	<mappers>				
		<mapper resource="com/sql/sql-common.xml" />
		<mapper resource="com/sql/sql-board.xml" />
		<mapper resource="com/sql/sql-user.xml" />
		<mapper resource="com/sql/sql-main.xml" />
	</mappers>
</configuration>
