<?xml version="1.0" encoding="UTF-8"?>
<beans xmlns="http://www.springframework.org/schema/beans"
	xmlns:xsi="http://www.w3.org/2001/XMLSchema-instance"
	xmlns:aop="http://www.springframework.org/schema/aop"
	xmlns:p="http://www.springframework.org/schema/p"
	xmlns:context="http://www.springframework.org/schema/context"
	xsi:schemaLocation="http://www.springframework.org/schema/beans http://www.springframework.org/schema/beans/spring-beans.xsd
		http://www.springframework.org/schema/context http://www.springframework.org/schema/context/spring-context-4.1.xsd
		http://www.springframework.org/schema/aop http://www.springframework.org/schema/aop/spring-aop-4.1.xsd">
	
	<!-- Root Context: defines shared resources visible to all other web components -->
	
	<aop:aspectj-autoproxy />

	<context:component-scan base-package="com.dao" />
	
	<bean id="dataSourceSpied"
		class="org.springframework.jdbc.datasource.DriverManagerDataSource"
		p:driverClassName="com.mysql.jdbc.Driver"
		p:url="jdbc:mysql://pjm7111.cafe24.com:3306/COFFEE"
		p:username="coffee"
		p:password="coffee123">				
	</bean>
	 
    <bean id="dataSource" class="net.sf.log4jdbc.Log4jdbcProxyDataSource">
        <constructor-arg ref="dataSourceSpied" />
        <property name="logFormatter">
            <bean class="net.sf.log4jdbc.tools.Log4JdbcCustomFormatter">
                <property name="loggingType" value="MULTI_LINE" />
                <property name="sqlPrefix" value="SQL         :  "/>
            </bean>
        </property>
    </bean>

	<bean id="sessionFactory"
		class="org.mybatis.spring.SqlSessionFactoryBean">
		<property name="dataSource" ref="dataSource" />
		<property name="configLocation" value="/WEB-INF/config/mybatis-config.xml" />	
	</bean>
	
	<!-- MyBatis의 SqlSession을 Wrapping한 스프링의 클래스 -->
	<bean id="sessionTemplate" class="org.mybatis.spring.SqlSessionTemplate">
		<constructor-arg ref="sessionFactory" />
	</bean>
	
	<!-- Mapper Beans -->
	<bean id="commonMapper" class="org.mybatis.spring.mapper.MapperFactoryBean">
		<property name="mapperInterface" value="com.mapper.CommonMapper" />
		<property name="sqlSessionFactory" ref="sessionFactory" />
	</bean>	
	
</beans>
